Modelo_ID,Nombre,Categoria,Tipo_Algoritmo,Tiempo_Entrenamiento,Usar_Escalado,Accuracy,Precision,Recall,F1_Score,ROC_AUC,CV_F1_Mean,CV_F1_Std,N_Estimators,Support_Vectors,Features_Activos,Hidden_Layers,N_Neighbors,Parametros_JSON,Ratio_Eficiencia
Boosting_XGBoost_Conservative,XGBoost Conservative,Boosting,Unknown,1.4568276405334473,False,0.0,0.0,0.0,0.0,0.0,0.0,0.0,0,0,0,0,0,"{""objective"": ""binary:logistic"", ""base_score"": null, ""booster"": null, ""callbacks"": null, ""colsample_bylevel"": null, ""colsample_bynode"": null, ""colsample_bytree"": 0.8, ""device"": null, ""early_stopping_rounds"": null, ""enable_categorical"": false, ""eval_metric"": ""logloss"", ""feature_types"": null, ""feature_weights"": null, ""gamma"": null, ""grow_policy"": null, ""importance_type"": null, ""interaction_constraints"": null, ""learning_rate"": 0.1, ""max_bin"": null, ""max_cat_threshold"": null, ""max_cat_to_onehot"": null, ""max_delta_step"": null, ""max_depth"": 4, ""max_leaves"": null, ""min_child_weight"": null, ""missing"": NaN, ""monotone_constraints"": null, ""multi_strategy"": null, ""n_estimators"": 100, ""n_jobs"": -1, ""num_parallel_tree"": null, ""random_state"": 42, ""reg_alpha"": null, ""reg_lambda"": null, ""sampling_method"": null, ""scale_pos_weight"": null, ""subsample"": 0.8, ""tree_method"": null, ""validate_parameters"": null, ""verbosity"": null}",0.0
Boosting_XGBoost_Aggressive,XGBoost Aggressive,Boosting,Unknown,1.9842877388000488,False,0.0,0.0,0.0,0.0,0.0,0.0,0.0,0,0,0,0,0,"{""objective"": ""binary:logistic"", ""base_score"": null, ""booster"": null, ""callbacks"": null, ""colsample_bylevel"": null, ""colsample_bynode"": null, ""colsample_bytree"": 0.9, ""device"": null, ""early_stopping_rounds"": null, ""enable_categorical"": false, ""eval_metric"": ""logloss"", ""feature_types"": null, ""feature_weights"": null, ""gamma"": 0.1, ""grow_policy"": null, ""importance_type"": null, ""interaction_constraints"": null, ""learning_rate"": 0.15, ""max_bin"": null, ""max_cat_threshold"": null, ""max_cat_to_onehot"": null, ""max_delta_step"": null, ""max_depth"": 6, ""max_leaves"": null, ""min_child_weight"": null, ""missing"": NaN, ""monotone_constraints"": null, ""multi_strategy"": null, ""n_estimators"": 200, ""n_jobs"": -1, ""num_parallel_tree"": null, ""random_state"": 42, ""reg_alpha"": null, ""reg_lambda"": null, ""sampling_method"": null, ""scale_pos_weight"": null, ""subsample"": 0.9, ""tree_method"": null, ""validate_parameters"": null, ""verbosity"": null}",0.0
Boosting_XGBoost_Regularized,XGBoost Regularized,Boosting,Unknown,1.352104902267456,False,0.0,0.0,0.0,0.0,0.0,0.0,0.0,0,0,0,0,0,"{""objective"": ""binary:logistic"", ""base_score"": null, ""booster"": null, ""callbacks"": null, ""colsample_bylevel"": null, ""colsample_bynode"": null, ""colsample_bytree"": 0.7, ""device"": null, ""early_stopping_rounds"": null, ""enable_categorical"": false, ""eval_metric"": ""logloss"", ""feature_types"": null, ""feature_weights"": null, ""gamma"": null, ""grow_policy"": null, ""importance_type"": null, ""interaction_constraints"": null, ""learning_rate"": 0.08, ""max_bin"": null, ""max_cat_threshold"": null, ""max_cat_to_onehot"": null, ""max_delta_step"": null, ""max_depth"": 5, ""max_leaves"": null, ""min_child_weight"": null, ""missing"": NaN, ""monotone_constraints"": null, ""multi_strategy"": null, ""n_estimators"": 150, ""n_jobs"": -1, ""num_parallel_tree"": null, ""random_state"": 42, ""reg_alpha"": 0.1, ""reg_lambda"": 1.0, ""sampling_method"": null, ""scale_pos_weight"": null, ""subsample"": 0.7, ""tree_method"": null, ""validate_parameters"": null, ""verbosity"": null}",0.0
Boosting_LightGBM_Fast,LightGBM Fast,Boosting,Unknown,1.3208746910095215,False,0.0,0.0,0.0,0.0,0.0,0.0,0.0,0,0,0,0,0,"{""boosting_type"": ""gbdt"", ""class_weight"": null, ""colsample_bytree"": 0.8, ""importance_type"": ""split"", ""learning_rate"": 0.1, ""max_depth"": 4, ""min_child_samples"": 20, ""min_child_weight"": 0.001, ""min_split_gain"": 0.0, ""n_estimators"": 100, ""n_jobs"": -1, ""num_leaves"": 31, ""objective"": null, ""random_state"": 42, ""reg_alpha"": 0.0, ""reg_lambda"": 0.0, ""subsample"": 0.8, ""subsample_for_bin"": 200000, ""subsample_freq"": 0, ""verbosity"": -1}",0.0
Boosting_LightGBM_Balanced,LightGBM Balanced,Boosting,Unknown,1.5719366073608398,False,0.0,0.0,0.0,0.0,0.0,0.0,0.0,0,0,0,0,0,"{""boosting_type"": ""gbdt"", ""class_weight"": null, ""colsample_bytree"": 0.9, ""importance_type"": ""split"", ""learning_rate"": 0.08, ""max_depth"": 6, ""min_child_samples"": 10, ""min_child_weight"": 0.001, ""min_split_gain"": 0.0, ""n_estimators"": 150, ""n_jobs"": -1, ""num_leaves"": 31, ""objective"": null, ""random_state"": 42, ""reg_alpha"": 0.1, ""reg_lambda"": 0.1, ""subsample"": 0.9, ""subsample_for_bin"": 200000, ""subsample_freq"": 0, ""verbosity"": -1}",0.0
Boosting_CatBoost_Simple,CatBoost Simple,Boosting,Unknown,4.838769912719727,False,0.0,0.0,0.0,0.0,0.0,0.0,0.0,0,0,0,0,0,"{""iterations"": 100, ""learning_rate"": 0.1, ""depth"": 4, ""l2_leaf_reg"": 3, ""thread_count"": 4, ""random_seed"": 42, ""silent"": true, ""bootstrap_type"": ""Bernoulli"", ""subsample"": 0.8}",0.0
Boosting_CatBoost_Optimized,CatBoost Optimized,Boosting,Unknown,8.605449676513672,False,0.0,0.0,0.0,0.0,0.0,0.0,0.0,0,0,0,0,0,"{""iterations"": 150, ""learning_rate"": 0.08, ""depth"": 6, ""l2_leaf_reg"": 1, ""thread_count"": 4, ""random_seed"": 42, ""silent"": true, ""bagging_temperature"": 1.0, ""bootstrap_type"": ""Bayesian""}",0.0
Boosting_AdaBoost_Classic,AdaBoost Classic,Boosting,Unknown,0.0,False,0.0,0.0,0.0,0.0,0.0,0.0,0.0,0,0,0,0,0,{},0.0
Boosting_AdaBoost_Conservative,AdaBoost Conservative,Boosting,Unknown,0.0,False,0.0,0.0,0.0,0.0,0.0,0.0,0.0,0,0,0,0,0,{},0.0
Boosting_GradientBoosting_Classic,Gradient Boosting Classic,Boosting,Unknown,84.4594931602478,False,0.0,0.0,0.0,0.0,0.0,0.0,0.0,0,0,0,0,0,"{""ccp_alpha"": 0.0, ""criterion"": ""friedman_mse"", ""init"": null, ""learning_rate"": 0.1, ""loss"": ""log_loss"", ""max_depth"": 3, ""max_features"": null, ""max_leaf_nodes"": null, ""min_impurity_decrease"": 0.0, ""min_samples_leaf"": 1, ""min_samples_split"": 2, ""min_weight_fraction_leaf"": 0.0, ""n_estimators"": 100, ""n_iter_no_change"": null, ""random_state"": 42, ""subsample"": 0.8, ""tol"": 0.0001, ""validation_fraction"": 0.1, ""verbose"": 0, ""warm_start"": false}",0.0
Boosting_HistGradientBoosting,Hist Gradient Boosting,Boosting,Unknown,4.40399694442749,False,0.0,0.0,0.0,0.0,0.0,0.0,0.0,0,0,0,0,0,"{""categorical_features"": ""from_dtype"", ""class_weight"": null, ""early_stopping"": ""auto"", ""interaction_cst"": null, ""l2_regularization"": 0.0, ""learning_rate"": 0.1, ""loss"": ""log_loss"", ""max_bins"": 255, ""max_depth"": 6, ""max_features"": 1.0, ""max_iter"": 100, ""max_leaf_nodes"": 31, ""min_samples_leaf"": 20, ""monotonic_cst"": null, ""n_iter_no_change"": 10, ""random_state"": 42, ""scoring"": ""loss"", ""tol"": 1e-07, ""validation_fraction"": 0.1, ""verbose"": 0, ""warm_start"": false}",0.0
Redes_Neuronales_NN_Tiny_50,NN Tiny (50),Redes_Neuronales,Unknown,14.141207456588745,False,0.6814828614008942,0.6949884578151762,0.6769911504424779,0.6858717618960132,0.745316383900632,0.6722082042837381,0.004308380122640826,0,0,0,0,0,{},0.04849821104671116
Redes_Neuronales_NN_Small_100,NN Small (100),Redes_Neuronales,Unknown,12.184841394424438,False,0.6790983606557377,0.6863338376197681,0.6910633976497896,0.6886904977048469,0.7468330725715195,0.6791730234124943,0.0011066341186934362,0,0,0,0,0,{},0.05651562952558642
Redes_Neuronales_NN_Small_Tanh,NN Small Tanh (100),Redes_Neuronales,Unknown,15.53402829170227,False,0.6745529061102832,0.69119539707775,0.6622660670245176,0.6764215595480645,0.7431607785900041,0.6761468346267592,0.0020351475202624388,0,0,0,0,0,{},0.0435417011702104
Redes_Neuronales_NN_Two_Classic,"NN Two Classic (100,50)",Redes_Neuronales,Unknown,18.96012282371521,False,0.6788375558867362,0.6968149954282231,0.6633541273755984,0.6796729840208101,0.7493191190490833,0.6770443096921861,0.007362001271372252,0,0,0,0,0,{},0.03584560842413425
Redes_Neuronales_NN_Two_Symmetric,"NN Two Symmetric (80,80)",Redes_Neuronales,Unknown,21.39433455467224,False,0.686177347242921,0.69143999428857,0.7025243000145075,0.6969380779332925,0.7546956130469088,0.670641811724489,0.006710563602733478,0,0,0,0,0,{},0.03257430147457533
Redes_Neuronales_NN_Bottleneck,"NN Bottleneck (120,30)",Redes_Neuronales,Unknown,22.387328624725342,False,0.6807749627421759,0.6979514415781487,0.6672711446394893,0.6822665578877104,0.7507765397984927,0.6809234040937309,0.00392350764201547,0,0,0,0,0,{},0.0304742068657249
Redes_Neuronales_NN_Deep_Decreasing,"NN Deep Decreasing (150,100,50)",Redes_Neuronales,Unknown,65.58761477470398,False,0.6868107302533532,0.7006564224973892,0.6813433918468011,0.690864960282436,0.7569705488107286,0.6855360937314409,0.0057661666071508475,0,0,0,0,0,{},0.010533306163814374
Redes_Neuronales_NN_Deep_Uniform,"NN Deep Uniform (100,100,100)",Redes_Neuronales,Unknown,47.33445334434509,False,0.6820044709388972,0.6890072708948239,0.6942550413462933,0.6916212017198395,0.7536637644240929,0.6821307246226194,0.006627568288512888,0,0,0,0,0,{},0.01461106111498695
Redes_Neuronales_NN_Diamond,"NN Diamond (80,120,80)",Redes_Neuronales,Unknown,40.25841450691223,False,0.6833830104321907,0.6979931106784484,0.6761207021616132,0.6868828297715549,0.7528230723516958,0.6807560416081709,0.0050510790369249076,0,0,0,0,0,{},0.01706142123983503
Redes_Neuronales_NN_SGD,"NN SGD Momentum (100,50)",Redes_Neuronales,Unknown,129.82211136817932,False,0.67924739195231,0.6940259350873248,0.6716233860438126,0.6826409112692152,0.7441435447498146,0.6743654937330998,0.005680395199421659,0,0,0,0,0,{},0.005258238722481704
Redes_Neuronales_NN_High_Reg,"NN High Regularization (100,50)",Redes_Neuronales,Unknown,33.03707766532898,False,0.684575260804769,0.6817436458048647,0.7237777455389526,0.7021321511505172,0.7589543293821905,0.6845462830670594,0.004988077966162204,0,0,0,0,0,{},0.021252209594729326
Redes_Neuronales_NN_Low_Reg,"NN Low Regularization (100,50)",Redes_Neuronales,Unknown,17.273218154907227,False,0.6811102831594635,0.7041637372080306,0.653851733642826,0.6780757513070298,0.752078767056531,0.6791406536095078,0.007135901349922917,0,0,0,0,0,{},0.039253629034110775
SVM_LinearSVC_Basic,LinearSVC Basic (C=1.0),SVM,LinearSVC,6.067838430404663,False,0.6406110283159463,0.6446743080793962,0.6690845785579573,0.6566526660496903,0.6922342808369506,0.65050158629159,0.003407337579974547,0,0,0,0,0,"{""C"": 1.0, ""class_weight"": null, ""dual"": false, ""fit_intercept"": true, ""intercept_scaling"": 1, ""loss"": ""squared_hinge"", ""max_iter"": 2000, ""multi_class"": ""ovr"", ""penalty"": ""l2"", ""random_state"": 42, ""tol"": 0.0001, ""verbose"": 0}",0.10820071642703222
SVM_LinearSVC_LowReg,LinearSVC Low Reg (C=10.0),SVM,LinearSVC,5.7771666049957275,False,0.6406482861400894,0.6446991404011462,0.6691571159146961,0.6567004805125467,0.6922363534916207,0.6504777453782553,0.003396631821695455,0,0,0,0,0,"{""C"": 10.0, ""class_weight"": null, ""dual"": false, ""fit_intercept"": true, ""intercept_scaling"": 1, ""loss"": ""squared_hinge"", ""max_iter"": 2000, ""multi_class"": ""ovr"", ""penalty"": ""l2"", ""random_state"": 42, ""tol"": 0.0001, ""verbose"": 0}",0.1136520501061309
SVM_LinearSVC_HighReg,LinearSVC High Reg (C=0.1),SVM,LinearSVC,5.182664394378662,False,0.6405737704918033,0.6447304007273236,0.6687218917742638,0.656507032223607,0.6922149768092725,0.650561872244654,0.0032984405625678614,0,0,0,0,0,"{""C"": 0.1, ""class_weight"": null, ""dual"": false, ""fit_intercept"": true, ""intercept_scaling"": 1, ""loss"": ""squared_hinge"", ""max_iter"": 2000, ""multi_class"": ""ovr"", ""penalty"": ""l2"", ""random_state"": 42, ""tol"": 0.0001, ""verbose"": 0}",0.1266492161289502
SVM_LinearSVC_L1,LinearSVC L1 Penalty (C=1.0),SVM,LinearSVC,60.41230320930481,False,0.6406855439642325,0.6448049223884771,0.6689395038444799,0.6566505269154087,0.692197200878201,0.6505255746600056,0.0033781312903898315,0,0,0,0,0,"{""C"": 1.0, ""class_weight"": null, ""dual"": false, ""fit_intercept"": true, ""intercept_scaling"": 1, ""loss"": ""squared_hinge"", ""max_iter"": 2000, ""multi_class"": ""ovr"", ""penalty"": ""l1"", ""random_state"": 42, ""tol"": 0.0001, ""verbose"": 0}",0.010869303481725063
SVM_LinearSVC_Balanced,LinearSVC Balanced (C=1.0),SVM,LinearSVC,5.3677589893341064,False,0.6406110283159463,0.6448160067161046,0.6685768170607863,0.6564814814814814,0.6922282017908137,0.6398519065948929,0.0035451529507929155,0,0,0,0,0,"{""C"": 1.0, ""class_weight"": ""balanced"", ""dual"": false, ""fit_intercept"": true, ""intercept_scaling"": 1, ""loss"": ""squared_hinge"", ""max_iter"": 2000, ""multi_class"": ""ovr"", ""penalty"": ""l2"", ""random_state"": 42, ""tol"": 0.0001, ""verbose"": 0}",0.12227806887693903
Modelos_Lineales_LogReg_Basic,Logistic Regression Basic (C=1.0),Modelos_Lineales,LogisticRegression,3.052102565765381,False,0.6413561847988077,0.645923951171601,0.6678514434933991,0.6567047075606277,0.6926966884268364,0.6506971722635568,0.003297230256912867,0,0,57,0,0,"{""C"": 1.0, ""class_weight"": null, ""dual"": false, ""fit_intercept"": true, ""intercept_scaling"": 1, ""l1_ratio"": null, ""max_iter"": 1000, ""multi_class"": ""deprecated"", ""n_jobs"": null, ""penalty"": ""l2"", ""random_state"": 42, ""solver"": ""liblinear"", ""tol"": 0.0001, ""verbose"": 0, ""warm_start"": false}",0.21509421757535968
Modelos_Lineales_LogReg_LowReg,Logistic Regression Low Reg (C=10.0),Modelos_Lineales,LogisticRegression,2.9418141841888428,False,0.64150521609538,0.6460847600336794,0.6679239808501378,0.6568228832299022,0.6927042455591457,0.6505881665972968,0.0033050032154487968,0,0,57,0,0,"{""C"": 10.0, ""class_weight"": null, ""dual"": false, ""fit_intercept"": true, ""intercept_scaling"": 1, ""l1_ratio"": null, ""max_iter"": 1000, ""multi_class"": ""deprecated"", ""n_jobs"": null, ""penalty"": ""l2"", ""random_state"": 42, ""solver"": ""liblinear"", ""tol"": 0.0001, ""verbose"": 0, ""warm_start"": false}",0.22319549999414892
Modelos_Lineales_LogReg_HighReg,Logistic Regression High Reg (C=0.1),Modelos_Lineales,LogisticRegression,2.8391780853271484,False,0.6416169895678092,0.6461182411108773,0.6682866676338314,0.6570155107862364,0.6926149769337429,0.6509426708477233,0.003600510584371014,0,0,57,0,0,"{""C"": 0.1, ""class_weight"": null, ""dual"": false, ""fit_intercept"": true, ""intercept_scaling"": 1, ""l1_ratio"": null, ""max_iter"": 1000, ""multi_class"": ""deprecated"", ""n_jobs"": null, ""penalty"": ""l2"", ""random_state"": 42, ""solver"": ""liblinear"", ""tol"": 0.0001, ""verbose"": 0, ""warm_start"": false}",0.23132898397480506
Modelos_Lineales_LogReg_L1,Logistic Regression L1 (C=1.0),Modelos_Lineales,LogisticRegression,39.30775570869446,False,0.6416542473919523,0.6461840628507295,0.6682141302770928,0.6570144782825761,0.6926686103462787,0.6506422147367041,0.0033210184826499975,0,0,57,0,0,"{""C"": 1.0, ""class_weight"": null, ""dual"": false, ""fit_intercept"": true, ""intercept_scaling"": 1, ""l1_ratio"": null, ""max_iter"": 1000, ""multi_class"": ""deprecated"", ""n_jobs"": null, ""penalty"": ""l1"", ""random_state"": 42, ""solver"": ""liblinear"", ""tol"": 0.0001, ""verbose"": 0, ""warm_start"": false}",0.016714201872771443
Modelos_Lineales_LogReg_Elastic,Logistic Regression ElasticNet (l1_ratio=0.5),Modelos_Lineales,LogisticRegression,102.91030430793762,False,0.6410581222056632,0.6455412226584408,0.6679239808501378,0.6565418894830659,0.6924756645336512,0.6505720249407803,0.0034943832801721795,0,0,57,0,0,"{""C"": 1.0, ""class_weight"": null, ""dual"": false, ""fit_intercept"": true, ""intercept_scaling"": 1, ""l1_ratio"": 0.5, ""max_iter"": 1000, ""multi_class"": ""deprecated"", ""n_jobs"": null, ""penalty"": ""elasticnet"", ""random_state"": 42, ""solver"": ""saga"", ""tol"": 0.0001, ""verbose"": 0, ""warm_start"": false}",0.006379686798240553
Modelos_Lineales_LogReg_LBFGS,Logistic Regression LBFGS,Modelos_Lineales,LogisticRegression,1.427896499633789,False,0.64150521609538,0.6460437710437711,0.6680690555636153,0.6568718351044861,0.6926735391524246,0.6505964507560232,0.003457863386213143,0,0,57,0,0,"{""C"": 1.0, ""class_weight"": null, ""dual"": false, ""fit_intercept"": true, ""intercept_scaling"": 1, ""l1_ratio"": null, ""max_iter"": 1000, ""multi_class"": ""deprecated"", ""n_jobs"": null, ""penalty"": ""l2"", ""random_state"": 42, ""solver"": ""lbfgs"", ""tol"": 0.0001, ""verbose"": 0, ""warm_start"": false}",0.45970567866380485
Modelos_Lineales_Ridge_Basic,Ridge Classifier Basic (alpha=1.0),Modelos_Lineales,RidgeClassifier,0.4967637062072754,False,0.639865871833085,0.6443587946741416,0.6669809952125344,0.6554747647562019,0.6916336499631001,0.6503032996428029,0.0032154800536580612,0,0,57,0,0,"{""alpha"": 1.0, ""class_weight"": null, ""copy_X"": true, ""fit_intercept"": true, ""max_iter"": null, ""positive"": false, ""random_state"": 42, ""solver"": ""auto"", ""tol"": 0.0001}",1.3168392082070635
Modelos_Lineales_Ridge_LowReg,Ridge Classifier Low Reg (alpha=0.1),Modelos_Lineales,RidgeClassifier,0.1266918182373047,False,0.6399031296572281,0.6444039526245707,0.6669809952125344,0.6554981286758154,0.6916370617860691,0.6502186011816877,0.00318812200986959,0,0,57,0,0,"{""alpha"": 0.1, ""class_weight"": null, ""copy_X"": true, ""fit_intercept"": true, ""max_iter"": null, ""positive"": false, ""random_state"": 42, ""solver"": ""auto"", ""tol"": 0.0001}",5.13343875687968
Modelos_Lineales_Ridge_HighReg,Ridge Classifier High Reg (alpha=10.0),Modelos_Lineales,RidgeClassifier,0.1347513198852539,False,0.639865871833085,0.6443587946741416,0.6669809952125344,0.6554747647562019,0.691618491244762,0.6502294570869711,0.0032312938368574385,0,0,57,0,0,"{""alpha"": 10.0, ""class_weight"": null, ""copy_X"": true, ""fit_intercept"": true, ""max_iter"": null, ""positive"": false, ""random_state"": 42, ""solver"": ""auto"", ""tol"": 0.0001}",4.828496439741824
Modelos_Lineales_Ridge_CV,Ridge Classifier CV (mejor alpha),Modelos_Lineales,RidgeClassifierCV,1.658947467803955,False,0.6399776453055142,0.6442718174819791,0.6677789061366604,0.6558147818343723,0.6914950821628094,0.6503082374258627,0.003176227477990805,0,0,57,0,0,"{""alphas"": [0.01, 0.1, 1.0, 10.0, 100.0], ""class_weight"": null, ""cv"": 3, ""fit_intercept"": true, ""scoring"": null, ""store_cv_results"": false}",0.39508164839818055
Modelos_Lineales_SGD_Log,SGD Classifier Log Loss,Modelos_Lineales,SGDClassifier,1.1078553199768066,False,0.6315573770491804,0.637015681035089,0.6571159146960684,0.646909701146142,0.6799044027208254,0.6344950801768008,0.00952662357797757,0,0,57,0,0,"{""alpha"": 0.0001, ""average"": false, ""class_weight"": null, ""early_stopping"": false, ""epsilon"": 0.1, ""eta0"": 0.0, ""fit_intercept"": true, ""l1_ratio"": 0.15, ""learning_rate"": ""optimal"", ""loss"": ""log_loss"", ""max_iter"": 1000, ""n_iter_no_change"": 5, ""n_jobs"": null, ""penalty"": ""l2"", ""power_t"": 0.5, ""random_state"": 42, ""shuffle"": true, ""tol"": 0.001, ""validation_fraction"": 0.1, ""verbose"": 0, ""warm_start"": false}",0.5834031631463635
Modelos_Lineales_SGD_Hinge,SGD Classifier Hinge Loss,Modelos_Lineales,SGDClassifier,1.5907118320465088,False,0.6252980625931446,0.6298307917275956,0.6561003917017264,0.6426972679148755,0.6747386193532692,0.6376677980843971,0.010706145466926855,0,0,57,0,0,"{""alpha"": 0.0001, ""average"": false, ""class_weight"": null, ""early_stopping"": false, ""epsilon"": 0.1, ""eta0"": 0.0, ""fit_intercept"": true, ""l1_ratio"": 0.15, ""learning_rate"": ""optimal"", ""loss"": ""hinge"", ""max_iter"": 1000, ""n_iter_no_change"": 5, ""n_jobs"": null, ""penalty"": ""l2"", ""power_t"": 0.5, ""random_state"": 42, ""shuffle"": true, ""tol"": 0.001, ""validation_fraction"": 0.1, ""verbose"": 0, ""warm_start"": false}",0.40377740177287086
Modelos_Lineales_SGD_L1,SGD Classifier L1 Penalty,Modelos_Lineales,SGDClassifier,1.694603681564331,False,0.6325633383010432,0.6368582589285714,0.6622660670245176,0.6493137045729322,0.6823076541458839,0.6382733192735159,0.004756777712069806,0,0,46,0,0,"{""alpha"": 0.0001, ""average"": false, ""class_weight"": null, ""early_stopping"": false, ""epsilon"": 0.1, ""eta0"": 0.0, ""fit_intercept"": true, ""l1_ratio"": 0.15, ""learning_rate"": ""optimal"", ""loss"": ""log_loss"", ""max_iter"": 1000, ""n_iter_no_change"": 5, ""n_jobs"": null, ""penalty"": ""l1"", ""power_t"": 0.5, ""random_state"": 42, ""shuffle"": true, ""tol"": 0.001, ""validation_fraction"": 0.1, ""verbose"": 0, ""warm_start"": false}",0.38293954632953386
Modelos_Lineales_SGD_Elastic,SGD Classifier ElasticNet,Modelos_Lineales,SGDClassifier,1.723489761352539,False,0.6336065573770492,0.637950293214186,0.6628463658784274,0.6501600853788687,0.6828525122719494,0.6389558576441317,0.004996272048379904,0,0,47,0,0,"{""alpha"": 0.0001, ""average"": false, ""class_weight"": null, ""early_stopping"": false, ""epsilon"": 0.1, ""eta0"": 0.0, ""fit_intercept"": true, ""l1_ratio"": 0.15, ""learning_rate"": ""optimal"", ""loss"": ""log_loss"", ""max_iter"": 1000, ""n_iter_no_change"": 5, ""n_jobs"": null, ""penalty"": ""elasticnet"", ""power_t"": 0.5, ""random_state"": 42, ""shuffle"": true, ""tol"": 0.001, ""validation_fraction"": 0.1, ""verbose"": 0, ""warm_start"": false}",0.3770159150547464
Modelos_Lineales_SGD_Adaptive,SGD Classifier Adaptive LR,Modelos_Lineales,SGDClassifier,1.4830207824707031,False,0.6413561847988077,0.6457807681525091,0.6683592049905701,0.6568760248092964,0.6925857986236285,0.6508038334278083,0.0036661051068466836,0,0,57,0,0,"{""alpha"": 0.0001, ""average"": false, ""class_weight"": null, ""early_stopping"": false, ""epsilon"": 0.1, ""eta0"": 0.01, ""fit_intercept"": true, ""l1_ratio"": 0.15, ""learning_rate"": ""adaptive"", ""loss"": ""log_loss"", ""max_iter"": 1000, ""n_iter_no_change"": 5, ""n_jobs"": null, ""penalty"": ""l2"", ""power_t"": 0.5, ""random_state"": 42, ""shuffle"": true, ""tol"": 0.001, ""validation_fraction"": 0.1, ""verbose"": 0, ""warm_start"": false}",0.44263263194716357
Modelos_Lineales_PA_Basic,Passive Aggressive Basic (C=1.0),Modelos_Lineales,PassiveAggressiveClassifier,0.4130737781524658,False,0.5581594634873324,0.5718225866567276,0.5564340635427245,0.5640233814933274,0.5851517053191387,0.5711032527048909,0.027162333109886066,0,0,57,0,0,"{""C"": 1.0, ""average"": false, ""class_weight"": null, ""early_stopping"": false, ""fit_intercept"": true, ""loss"": ""hinge"", ""max_iter"": 1000, ""n_iter_no_change"": 5, ""n_jobs"": null, ""random_state"": 42, ""shuffle"": true, ""tol"": 0.001, ""validation_fraction"": 0.1, ""verbose"": 0, ""warm_start"": false}",1.3621325745617459
Modelos_Lineales_PA_HighReg,Passive Aggressive High Reg (C=0.1),Modelos_Lineales,PassiveAggressiveClassifier,0.2989354133605957,False,0.5665424739195231,0.5806354916067147,0.562019440011606,0.5711758201253225,0.594255571456898,0.5691507552617262,0.024239844861173903,0,0,57,0,0,"{""C"": 0.1, ""average"": false, ""class_weight"": null, ""early_stopping"": false, ""fit_intercept"": true, ""loss"": ""hinge"", ""max_iter"": 1000, ""n_iter_no_change"": 5, ""n_jobs"": null, ""random_state"": 42, ""shuffle"": true, ""tol"": 0.001, ""validation_fraction"": 0.1, ""verbose"": 0, ""warm_start"": false}",1.9043293812012438
Modelos_Lineales_PA_Type2,Passive Aggressive Squared Hinge,Modelos_Lineales,PassiveAggressiveClassifier,0.33216261863708496,False,0.5594262295081968,0.5729158920205251,0.5588277963151023,0.5657841589248338,0.5860745256382494,0.571378205524819,0.027209357464908,0,0,57,0,0,"{""C"": 1.0, ""average"": false, ""class_weight"": null, ""early_stopping"": false, ""fit_intercept"": true, ""loss"": ""squared_hinge"", ""max_iter"": 1000, ""n_iter_no_change"": 5, ""n_jobs"": null, ""random_state"": 42, ""shuffle"": true, ""tol"": 0.001, ""validation_fraction"": 0.1, ""verbose"": 0, ""warm_start"": false}",1.6982222112413643
Modelos_Lineales_Perceptron_Basic,Perceptron Basic,Modelos_Lineales,Perceptron,0.3764050006866455,False,0.5720566318926975,0.5744915144448762,0.6433338169157116,0.6069668765398303,0.5976062511131489,0.5679780413431745,0.018422559920093947,0,0,57,0,0,"{""alpha"": 0.0001, ""class_weight"": null, ""early_stopping"": false, ""eta0"": 1.0, ""fit_intercept"": true, ""l1_ratio"": 0.15, ""max_iter"": 1000, ""n_iter_no_change"": 5, ""n_jobs"": null, ""penalty"": null, ""random_state"": 42, ""shuffle"": true, ""tol"": 0.001, ""validation_fraction"": 0.1, ""verbose"": 0, ""warm_start"": false}",1.6082640013659677
Modelos_Lineales_Perceptron_L2,Perceptron L2 Penalty,Modelos_Lineales,Perceptron,0.3237495422363281,False,0.5762667660208644,0.5876498365419542,0.5867546786595097,0.5872019164458641,0.6051263701442063,0.5788023125351841,0.025590008239236673,0,0,57,0,0,"{""alpha"": 0.0001, ""class_weight"": null, ""early_stopping"": false, ""eta0"": 1.0, ""fit_intercept"": true, ""l1_ratio"": 0.15, ""max_iter"": 1000, ""n_iter_no_change"": 5, ""n_jobs"": null, ""penalty"": ""l2"", ""random_state"": 42, ""shuffle"": true, ""tol"": 0.001, ""validation_fraction"": 0.1, ""verbose"": 0, ""warm_start"": false}",1.8081685732401833
Modelos_Lineales_Perceptron_L1,Perceptron L1 Penalty,Modelos_Lineales,Perceptron,0.672205924987793,False,0.5549552906110283,0.5637597838886195,0.5903815464964457,0.576763632498317,0.5783358887924417,0.5478025778938221,0.0873068498749958,0,0,13,0,0,"{""alpha"": 0.0001, ""class_weight"": null, ""early_stopping"": false, ""eta0"": 1.0, ""fit_intercept"": true, ""l1_ratio"": 0.15, ""max_iter"": 1000, ""n_iter_no_change"": 5, ""n_jobs"": null, ""penalty"": ""l1"", ""random_state"": 42, ""shuffle"": true, ""tol"": 0.001, ""validation_fraction"": 0.1, ""verbose"": 0, ""warm_start"": false}",0.8567417651720389
Ensemble_Voting_Hard,Voting Hard (RF+DT+LR+NB),Ensemble,VotingClassifier,18.00761103630066,True,0.6573025335320417,0.6832268370607029,0.6204845495430147,0.650345928685471,0.0,0.6430824363223143,0.007304065339393036,4,0,0,0,0,"""{'estimators': [('rf', RandomForestClassifier(max_depth=10, n_estimators=50, random_state=42)), ('dt', DecisionTreeClassifier(max_depth=8, random_state=42)), ('lr', LogisticRegression(max_iter=500, random_state=42)), ('nb', GaussianNB())], 'flatten_transform': True, 'n_jobs': -1, 'verbose': False, 'voting': 'hard', 'weights': None, 'rf': RandomForestClassifier(max_depth=10, n_estimators=50, random_state=42), 'dt': DecisionTreeClassifier(max_depth=8, random_state=42), 'lr': LogisticRegression(max_iter=500, random_state=42), 'nb': GaussianNB(), 'rf__bootstrap': True, 'rf__ccp_alpha': 0.0, 'rf__class_weight': None, 'rf__criterion': 'gini', 'rf__max_depth': 10, 'rf__max_features': 'sqrt', 'rf__max_leaf_nodes': None, 'rf__max_samples': None, 'rf__min_impurity_decrease': 0.0, 'rf__min_samples_leaf': 1, 'rf__min_samples_split': 2, 'rf__min_weight_fraction_leaf': 0.0, 'rf__monotonic_cst': None, 'rf__n_estimators': 50, 'rf__n_jobs': None, 'rf__oob_score': False, 'rf__random_state': 42, 'rf__verbose': 0, 'rf__warm_start': False, 'dt__ccp_alpha': 0.0, 'dt__class_weight': None, 'dt__criterion': 'gini', 'dt__max_depth': 8, 'dt__max_features': None, 'dt__max_leaf_nodes': None, 'dt__min_impurity_decrease': 0.0, 'dt__min_samples_leaf': 1, 'dt__min_samples_split': 2, 'dt__min_weight_fraction_leaf': 0.0, 'dt__monotonic_cst': None, 'dt__random_state': 42, 'dt__splitter': 'best', 'lr__C': 1.0, 'lr__class_weight': None, 'lr__dual': False, 'lr__fit_intercept': True, 'lr__intercept_scaling': 1, 'lr__l1_ratio': None, 'lr__max_iter': 500, 'lr__multi_class': 'deprecated', 'lr__n_jobs': None, 'lr__penalty': 'l2', 'lr__random_state': 42, 'lr__solver': 'lbfgs', 'lr__tol': 0.0001, 'lr__verbose': 0, 'lr__warm_start': False, 'nb__priors': None, 'nb__var_smoothing': 1e-09}""",0.036113053215183745
Ensemble_Voting_Soft,Voting Soft (RF+DT+LR+NB),Ensemble,VotingClassifier,20.292827606201172,True,0.6375558867362145,0.63124191461837,0.7078920644131728,0.6673733160090268,0.7052152392418054,0.6572221684500625,0.010347885326791005,4,0,0,0,0,"""{'estimators': [('rf', RandomForestClassifier(max_depth=10, n_estimators=50, random_state=42)), ('dt', DecisionTreeClassifier(max_depth=8, random_state=42)), ('lr', LogisticRegression(max_iter=500, random_state=42)), ('nb', GaussianNB())], 'flatten_transform': True, 'n_jobs': -1, 'verbose': False, 'voting': 'soft', 'weights': None, 'rf': RandomForestClassifier(max_depth=10, n_estimators=50, random_state=42), 'dt': DecisionTreeClassifier(max_depth=8, random_state=42), 'lr': LogisticRegression(max_iter=500, random_state=42), 'nb': GaussianNB(), 'rf__bootstrap': True, 'rf__ccp_alpha': 0.0, 'rf__class_weight': None, 'rf__criterion': 'gini', 'rf__max_depth': 10, 'rf__max_features': 'sqrt', 'rf__max_leaf_nodes': None, 'rf__max_samples': None, 'rf__min_impurity_decrease': 0.0, 'rf__min_samples_leaf': 1, 'rf__min_samples_split': 2, 'rf__min_weight_fraction_leaf': 0.0, 'rf__monotonic_cst': None, 'rf__n_estimators': 50, 'rf__n_jobs': None, 'rf__oob_score': False, 'rf__random_state': 42, 'rf__verbose': 0, 'rf__warm_start': False, 'dt__ccp_alpha': 0.0, 'dt__class_weight': None, 'dt__criterion': 'gini', 'dt__max_depth': 8, 'dt__max_features': None, 'dt__max_leaf_nodes': None, 'dt__min_impurity_decrease': 0.0, 'dt__min_samples_leaf': 1, 'dt__min_samples_split': 2, 'dt__min_weight_fraction_leaf': 0.0, 'dt__monotonic_cst': None, 'dt__random_state': 42, 'dt__splitter': 'best', 'lr__C': 1.0, 'lr__class_weight': None, 'lr__dual': False, 'lr__fit_intercept': True, 'lr__intercept_scaling': 1, 'lr__l1_ratio': None, 'lr__max_iter': 500, 'lr__multi_class': 'deprecated', 'lr__n_jobs': None, 'lr__penalty': 'l2', 'lr__random_state': 42, 'lr__solver': 'lbfgs', 'lr__tol': 0.0001, 'lr__verbose': 0, 'lr__warm_start': False, 'nb__priors': None, 'nb__var_smoothing': 1e-09}""",0.032885531943963986
Ensemble_Voting_Trees,Voting Trees (RF+XGB+LGB+ET),Ensemble,VotingClassifier,21.04430389404297,False,0.6764157973174366,0.690492195085518,0.6706078630494705,0.6804047838086477,0.7431791157492837,0.6783134248711536,0.003926046753536156,4,0,0,0,0,"""{'estimators': [('rf', RandomForestClassifier(max_depth=10, n_estimators=50, random_state=42)), ('xgb', XGBClassifier(base_score=None, booster=None, callbacks=None,\n              colsample_bylevel=None, colsample_bynode=None,\n              colsample_bytree=None, device=None, early_stopping_rounds=None,\n              enable_categorical=False, eval_metric='logloss',\n              feature_types=None, feature_weights=None, gamma=None,\n              grow_policy=None, importance_type=None,\n              interaction_constraints=None, learning_rate=None, max_bin=None,\n              max_cat_threshold=None, max_cat_to_onehot=None,\n              max_delta_step=None, max_depth=4, max_leaves=None,\n              min_child_weight=None, missing=nan, monotone_constraints=None,\n              multi_strategy=None, n_estimators=50, n_jobs=None,\n              num_parallel_tree=None, ...)), ('lgb', LGBMClassifier(max_depth=4, n_estimators=50, random_state=42, verbosity=-1)), ('et', ExtraTreesClassifier(max_depth=8, n_estimators=50, random_state=42))], 'flatten_transform': True, 'n_jobs': -1, 'verbose': False, 'voting': 'soft', 'weights': None, 'rf': RandomForestClassifier(max_depth=10, n_estimators=50, random_state=42), 'xgb': XGBClassifier(base_score=None, booster=None, callbacks=None,\n              colsample_bylevel=None, colsample_bynode=None,\n              colsample_bytree=None, device=None, early_stopping_rounds=None,\n              enable_categorical=False, eval_metric='logloss',\n              feature_types=None, feature_weights=None, gamma=None,\n              grow_policy=None, importance_type=None,\n              interaction_constraints=None, learning_rate=None, max_bin=None,\n              max_cat_threshold=None, max_cat_to_onehot=None,\n              max_delta_step=None, max_depth=4, max_leaves=None,\n              min_child_weight=None, missing=nan, monotone_constraints=None,\n              multi_strategy=None, n_estimators=50, n_jobs=None,\n              num_parallel_tree=None, ...), 'lgb': LGBMClassifier(max_depth=4, n_estimators=50, random_state=42, verbosity=-1), 'et': ExtraTreesClassifier(max_depth=8, n_estimators=50, random_state=42), 'rf__bootstrap': True, 'rf__ccp_alpha': 0.0, 'rf__class_weight': None, 'rf__criterion': 'gini', 'rf__max_depth': 10, 'rf__max_features': 'sqrt', 'rf__max_leaf_nodes': None, 'rf__max_samples': None, 'rf__min_impurity_decrease': 0.0, 'rf__min_samples_leaf': 1, 'rf__min_samples_split': 2, 'rf__min_weight_fraction_leaf': 0.0, 'rf__monotonic_cst': None, 'rf__n_estimators': 50, 'rf__n_jobs': None, 'rf__oob_score': False, 'rf__random_state': 42, 'rf__verbose': 0, 'rf__warm_start': False, 'xgb__objective': 'binary:logistic', 'xgb__base_score': None, 'xgb__booster': None, 'xgb__callbacks': None, 'xgb__colsample_bylevel': None, 'xgb__colsample_bynode': None, 'xgb__colsample_bytree': None, 'xgb__device': None, 'xgb__early_stopping_rounds': None, 'xgb__enable_categorical': False, 'xgb__eval_metric': 'logloss', 'xgb__feature_types': None, 'xgb__feature_weights': None, 'xgb__gamma': None, 'xgb__grow_policy': None, 'xgb__importance_type': None, 'xgb__interaction_constraints': None, 'xgb__learning_rate': None, 'xgb__max_bin': None, 'xgb__max_cat_threshold': None, 'xgb__max_cat_to_onehot': None, 'xgb__max_delta_step': None, 'xgb__max_depth': 4, 'xgb__max_leaves': None, 'xgb__min_child_weight': None, 'xgb__missing': nan, 'xgb__monotone_constraints': None, 'xgb__multi_strategy': None, 'xgb__n_estimators': 50, 'xgb__n_jobs': None, 'xgb__num_parallel_tree': None, 'xgb__random_state': 42, 'xgb__reg_alpha': None, 'xgb__reg_lambda': None, 'xgb__sampling_method': None, 'xgb__scale_pos_weight': None, 'xgb__subsample': None, 'xgb__tree_method': None, 'xgb__validate_parameters': None, 'xgb__verbosity': None, 'lgb__boosting_type': 'gbdt', 'lgb__class_weight': None, 'lgb__colsample_bytree': 1.0, 'lgb__importance_type': 'split', 'lgb__learning_rate': 0.1, 'lgb__max_depth': 4, 'lgb__min_child_samples': 20, 'lgb__min_child_weight': 0.001, 'lgb__min_split_gain': 0.0, 'lgb__n_estimators': 50, 'lgb__n_jobs': None, 'lgb__num_leaves': 31, 'lgb__objective': None, 'lgb__random_state': 42, 'lgb__reg_alpha': 0.0, 'lgb__reg_lambda': 0.0, 'lgb__subsample': 1.0, 'lgb__subsample_for_bin': 200000, 'lgb__subsample_freq': 0, 'lgb__verbosity': -1, 'et__bootstrap': False, 'et__ccp_alpha': 0.0, 'et__class_weight': None, 'et__criterion': 'gini', 'et__max_depth': 8, 'et__max_features': 'sqrt', 'et__max_leaf_nodes': None, 'et__max_samples': None, 'et__min_impurity_decrease': 0.0, 'et__min_samples_leaf': 1, 'et__min_samples_split': 2, 'et__min_weight_fraction_leaf': 0.0, 'et__monotonic_cst': None, 'et__n_estimators': 50, 'et__n_jobs': None, 'et__oob_score': False, 'et__random_state': 42, 'et__verbose': 0, 'et__warm_start': False}""",0.0323304803406161
Ensemble_Voting_Linear,Voting Linear (LR+SGD+NB),Ensemble,VotingClassifier,2.8398101329803467,True,0.6268628912071535,0.6205177372962608,0.704192659219498,0.6597125479936122,0.6823903936312401,0.6472419961699212,0.012238152517558488,3,0,0,0,0,"""{'estimators': [('lr', LogisticRegression(max_iter=500, random_state=42)), ('sgd', SGDClassifier(loss='log_loss', max_iter=500, random_state=42)), ('nb', GaussianNB())], 'flatten_transform': True, 'n_jobs': -1, 'verbose': False, 'voting': 'soft', 'weights': None, 'lr': LogisticRegression(max_iter=500, random_state=42), 'sgd': SGDClassifier(loss='log_loss', max_iter=500, random_state=42), 'nb': GaussianNB(), 'lr__C': 1.0, 'lr__class_weight': None, 'lr__dual': False, 'lr__fit_intercept': True, 'lr__intercept_scaling': 1, 'lr__l1_ratio': None, 'lr__max_iter': 500, 'lr__multi_class': 'deprecated', 'lr__n_jobs': None, 'lr__penalty': 'l2', 'lr__random_state': 42, 'lr__solver': 'lbfgs', 'lr__tol': 0.0001, 'lr__verbose': 0, 'lr__warm_start': False, 'sgd__alpha': 0.0001, 'sgd__average': False, 'sgd__class_weight': None, 'sgd__early_stopping': False, 'sgd__epsilon': 0.1, 'sgd__eta0': 0.0, 'sgd__fit_intercept': True, 'sgd__l1_ratio': 0.15, 'sgd__learning_rate': 'optimal', 'sgd__loss': 'log_loss', 'sgd__max_iter': 500, 'sgd__n_iter_no_change': 5, 'sgd__n_jobs': None, 'sgd__penalty': 'l2', 'sgd__power_t': 0.5, 'sgd__random_state': 42, 'sgd__shuffle': True, 'sgd__tol': 0.001, 'sgd__validation_fraction': 0.1, 'sgd__verbose': 0, 'sgd__warm_start': False, 'nb__priors': None, 'nb__var_smoothing': 1e-09}""",0.23222690609790791
Ensemble_Bagging_DT,Bagging Decision Trees (50),Ensemble,BaggingClassifier,17.632218599319458,False,0.6530178837555887,0.6726094003241491,0.6321630639779486,0.6517593388924204,0.7109317569614692,0.6535408638632585,0.003351816944341266,50,0,0,0,0,"""{'bootstrap': True, 'bootstrap_features': False, 'estimator__ccp_alpha': 0.0, 'estimator__class_weight': None, 'estimator__criterion': 'gini', 'estimator__max_depth': 8, 'estimator__max_features': None, 'estimator__max_leaf_nodes': None, 'estimator__min_impurity_decrease': 0.0, 'estimator__min_samples_leaf': 1, 'estimator__min_samples_split': 2, 'estimator__min_weight_fraction_leaf': 0.0, 'estimator__monotonic_cst': None, 'estimator__random_state': 42, 'estimator__splitter': 'best', 'estimator': DecisionTreeClassifier(max_depth=8, random_state=42), 'max_features': 1.0, 'max_samples': 1.0, 'n_estimators': 50, 'n_jobs': -1, 'oob_score': False, 'random_state': 42, 'verbose': 0, 'warm_start': False}""",0.036962017751970395
Ensemble_Bagging_LR,Bagging Logistic Regression (30),Ensemble,BaggingClassifier,14.103384971618652,True,0.6416169895678092,0.6463645943097998,0.6674162193529668,0.6567217444059812,0.6925888381466969,0.650996136188341,0.0033084280735081527,30,0,0,0,0,"""{'bootstrap': True, 'bootstrap_features': False, 'estimator__C': 1.0, 'estimator__class_weight': None, 'estimator__dual': False, 'estimator__fit_intercept': True, 'estimator__intercept_scaling': 1, 'estimator__l1_ratio': None, 'estimator__max_iter': 500, 'estimator__multi_class': 'deprecated', 'estimator__n_jobs': None, 'estimator__penalty': 'l2', 'estimator__random_state': 42, 'estimator__solver': 'lbfgs', 'estimator__tol': 0.0001, 'estimator__verbose': 0, 'estimator__warm_start': False, 'estimator': LogisticRegression(max_iter=500, random_state=42), 'max_features': 1.0, 'max_samples': 1.0, 'n_estimators': 30, 'n_jobs': -1, 'oob_score': False, 'random_state': 42, 'verbose': 0, 'warm_start': False}""",0.04656153002966525
Ensemble_Bagging_KNN,Bagging KNN (20),Ensemble,BaggingClassifier,3.734687566757202,True,0.6476154992548435,0.6596576656337613,0.6485565066008995,0.6540599853694221,0.7132605734116392,0.6562521169475788,0.00275934006401613,20,0,0,0,0,"""{'bootstrap': True, 'bootstrap_features': False, 'estimator__algorithm': 'auto', 'estimator__leaf_size': 30, 'estimator__metric': 'minkowski', 'estimator__metric_params': None, 'estimator__n_jobs': None, 'estimator__n_neighbors': 5, 'estimator__p': 2, 'estimator__weights': 'uniform', 'estimator': KNeighborsClassifier(), 'max_features': 1.0, 'max_samples': 1.0, 'n_estimators': 20, 'n_jobs': -1, 'oob_score': False, 'random_state': 42, 'verbose': 0, 'warm_start': False}""",0.1750842311304917
Ensemble_Bagging_SVM,Bagging LinearSVM (15),Ensemble,BaggingClassifier,18.43034076690674,True,0.6405737704918033,0.6451364050774949,0.6672711446394893,0.6560171153503298,0.6495481107158114,0.6508409794489073,0.003361347255136489,15,0,0,0,0,"""{'bootstrap': True, 'bootstrap_features': False, 'estimator__C': 1.0, 'estimator__class_weight': None, 'estimator__dual': 'auto', 'estimator__fit_intercept': True, 'estimator__intercept_scaling': 1, 'estimator__loss': 'squared_hinge', 'estimator__max_iter': 500, 'estimator__multi_class': 'ovr', 'estimator__penalty': 'l2', 'estimator__random_state': 42, 'estimator__tol': 0.0001, 'estimator__verbose': 0, 'estimator': LinearSVC(max_iter=500, random_state=42), 'max_features': 1.0, 'max_samples': 1.0, 'n_estimators': 15, 'n_jobs': -1, 'oob_score': False, 'random_state': 42, 'verbose': 0, 'warm_start': False}""",0.035592479334341266
Ensemble_ExtraTrees_Basic,"ExtraTrees Basic (100, depth=10)",Ensemble,ExtraTreesClassifier,2.353642225265503,False,0.6455663189269747,0.652139856156092,0.6642971130132018,0.6581623486291279,0.6972197321347781,0.6561116867987831,0.0034040675831594172,100,0,0,0,0,"""{'bootstrap': False, 'ccp_alpha': 0.0, 'class_weight': None, 'criterion': 'gini', 'max_depth': 10, 'max_features': 'sqrt', 'max_leaf_nodes': None, 'max_samples': None, 'min_impurity_decrease': 0.0, 'min_samples_leaf': 1, 'min_samples_split': 5, 'min_weight_fraction_leaf': 0.0, 'monotonic_cst': None, 'n_estimators': 100, 'n_jobs': -1, 'oob_score': False, 'random_state': 42, 'verbose': 0, 'warm_start': False}""",0.27951692259953226
Ensemble_ExtraTrees_More,"ExtraTrees More (200, depth=8)",Ensemble,ExtraTreesClassifier,3.3997955322265625,False,0.6394932935916543,0.6432654768544339,0.6693021906281735,0.6560255954496979,0.6884382499273015,0.6526990359847387,0.003932888109696236,200,0,0,0,0,"""{'bootstrap': False, 'ccp_alpha': 0.0, 'class_weight': None, 'criterion': 'gini', 'max_depth': 8, 'max_features': 'sqrt', 'max_leaf_nodes': None, 'max_samples': None, 'min_impurity_decrease': 0.0, 'min_samples_leaf': 1, 'min_samples_split': 10, 'min_weight_fraction_leaf': 0.0, 'monotonic_cst': None, 'n_estimators': 200, 'n_jobs': -1, 'oob_score': False, 'random_state': 42, 'verbose': 0, 'warm_start': False}""",0.19290356895411057
Ensemble_ExtraTrees_Bootstrap,"ExtraTrees Bootstrap (100, OOB)",Ensemble,ExtraTreesClassifier,4.296705007553101,False,0.6545454545454545,0.66481670804732,0.6603800957493109,0.6625909752547308,0.7092760809583137,0.6607261905276394,0.0048117791053926134,100,0,0,0,0,"""{'bootstrap': True, 'ccp_alpha': 0.0, 'class_weight': None, 'criterion': 'gini', 'max_depth': 12, 'max_features': 'sqrt', 'max_leaf_nodes': None, 'max_samples': None, 'min_impurity_decrease': 0.0, 'min_samples_leaf': 1, 'min_samples_split': 2, 'min_weight_fraction_leaf': 0.0, 'monotonic_cst': None, 'n_estimators': 100, 'n_jobs': -1, 'oob_score': True, 'random_state': 42, 'verbose': 0, 'warm_start': False}""",0.15417320967591888
Ensemble_AdaBoost_Ensemble,"AdaBoost (100, depth=3)",Ensemble,AdaBoostClassifier,63.09611630439758,False,0.6567064083457526,0.6657242279251848,0.6661105469316698,0.6659173313995649,0.7186530318514679,0.6641930810134691,0.00442497529553048,100,0,0,0,0,"""{'algorithm': 'deprecated', 'estimator__ccp_alpha': 0.0, 'estimator__class_weight': None, 'estimator__criterion': 'gini', 'estimator__max_depth': 3, 'estimator__max_features': None, 'estimator__max_leaf_nodes': None, 'estimator__min_impurity_decrease': 0.0, 'estimator__min_samples_leaf': 1, 'estimator__min_samples_split': 2, 'estimator__min_weight_fraction_leaf': 0.0, 'estimator__monotonic_cst': None, 'estimator__random_state': None, 'estimator__splitter': 'best', 'estimator': DecisionTreeClassifier(max_depth=3), 'learning_rate': 1.0, 'n_estimators': 100, 'random_state': 42}""",0.010553847313512702
Ensemble_GradientBoosting_Ensemble,"Gradient Boosting (100, depth=4)",Ensemble,GradientBoostingClassifier,58.499411821365356,False,0.6807004470938898,0.6960607427454518,0.6716233860438126,0.6836237448316598,0.7476711363177531,0.680323177769032,0.0045119511611875236,100,0,0,0,0,"""{'ccp_alpha': 0.0, 'criterion': 'friedman_mse', 'init': None, 'learning_rate': 0.1, 'loss': 'log_loss', 'max_depth': 4, 'max_features': None, 'max_leaf_nodes': None, 'min_impurity_decrease': 0.0, 'min_samples_leaf': 1, 'min_samples_split': 2, 'min_weight_fraction_leaf': 0.0, 'n_estimators': 100, 'n_iter_no_change': None, 'random_state': 42, 'subsample': 0.8, 'tol': 0.0001, 'validation_fraction': 0.1, 'verbose': 0, 'warm_start': False}""",0.011685793715763016
Ensemble_RandomForest_Ensemble,"Random Forest (100, depth=10)",Ensemble,RandomForestClassifier,3.908184766769409,False,0.6649776453055142,0.679954954954955,0.656970839982591,0.6682653287095108,0.7285942171356596,0.6678729887811146,0.0037187152362327543,100,0,0,0,0,"""{'bootstrap': True, 'ccp_alpha': 0.0, 'class_weight': None, 'criterion': 'gini', 'max_depth': 10, 'max_features': 'sqrt', 'max_leaf_nodes': None, 'max_samples': None, 'min_impurity_decrease': 0.0, 'min_samples_leaf': 1, 'min_samples_split': 5, 'min_weight_fraction_leaf': 0.0, 'monotonic_cst': None, 'n_estimators': 100, 'n_jobs': -1, 'oob_score': False, 'random_state': 42, 'verbose': 0, 'warm_start': False}""",0.17094749124937686
Otros_Algoritmos_KNN_5,KNN k=5 Uniform,Otros_Algoritmos,KNeighborsClassifier,0.02204728126525879,True,0.6468330849478391,0.6571783081526896,0.6531263600754389,0.6551460690508241,0.701472180495615,0.6530327740767164,0.003182502556260518,0,0,0,0,0,"{""algorithm"": ""auto"", ""leaf_size"": 30, ""metric"": ""minkowski"", ""metric_params"": null, ""n_jobs"": null, ""n_neighbors"": 5, ""p"": 2, ""weights"": ""uniform""}",28.426175804014846
Otros_Algoritmos_KNN_3,KNN k=3 Distance Weight,Otros_Algoritmos,KNeighborsClassifier,0.04243326187133789,True,0.6384500745156483,0.6485660212549134,0.6463078485419991,0.6474349658479872,0.6873136013867427,0.6469100558508514,0.0014189215637783379,0,0,0,0,0,"{""algorithm"": ""auto"", ""leaf_size"": 30, ""metric"": ""minkowski"", ""metric_params"": null, ""n_jobs"": null, ""n_neighbors"": 3, ""p"": 2, ""weights"": ""distance""}",14.906432028197196
Otros_Algoritmos_KNN_10,KNN k=10 Uniform,Otros_Algoritmos,KNeighborsClassifier,0.03330087661743164,True,0.6541728763040239,0.6925773901145886,0.5874800522268968,0.6357142857142857,0.7191798556592175,0.6314422637004414,0.0024224432570230264,0,0,0,0,0,"{""algorithm"": ""auto"", ""leaf_size"": 30, ""metric"": ""minkowski"", ""metric_params"": null, ""n_jobs"": null, ""n_neighbors"": 10, ""p"": 2, ""weights"": ""uniform""}",18.53347052335149
Otros_Algoritmos_KNN_Manhattan,KNN k=5 Manhattan Distance,Otros_Algoritmos,KNeighborsClassifier,0.061356544494628906,True,0.6599478390461997,0.6714506513579157,0.6617583055273466,0.6665692470682789,0.7253484093603442,0.6627673552747136,0.002697766684960793,0,0,0,0,0,"{""algorithm"": ""auto"", ""leaf_size"": 30, ""metric"": ""manhattan"", ""metric_params"": null, ""n_jobs"": null, ""n_neighbors"": 5, ""p"": 2, ""weights"": ""distance""}",10.689643765069341
Otros_Algoritmos_KNN_7_Dist,KNN k=7 Distance KDTree,Otros_Algoritmos,KNeighborsClassifier,3.4660654067993164,True,0.6522354694485842,0.6631247251941961,0.6563905411286812,0.6597404491105279,0.7179458815307043,0.6576489644758404,0.002950893692995827,0,0,0,0,0,"{""algorithm"": ""kd_tree"", ""leaf_size"": 30, ""metric"": ""minkowski"", ""metric_params"": null, ""n_jobs"": null, ""n_neighbors"": 7, ""p"": 2, ""weights"": ""distance""}",0.19028785779948096
Otros_Algoritmos_KNN_15,KNN k=15 Distance,Otros_Algoritmos,KNeighborsClassifier,0.037271738052368164,True,0.6599478390461997,0.6725939097577239,0.6584941244741042,0.6654693398819778,0.7304189200720124,0.6662260809220506,0.0015349617268331055,0,0,0,0,0,"{""algorithm"": ""auto"", ""leaf_size"": 30, ""metric"": ""minkowski"", ""metric_params"": null, ""n_jobs"": null, ""n_neighbors"": 15, ""p"": 2, ""weights"": ""distance""}",17.388009370554315
Otros_Algoritmos_NB_Gaussian,Naive Bayes Gaussian,Otros_Algoritmos,GaussianNB,0.16103506088256836,False,0.6092399403874814,0.59861260614759,0.7260989409545916,0.6562213189982955,0.6536644362309283,0.6441368723168294,0.016891403552724574,0,0,0,0,0,"{""priors"": null, ""var_smoothing"": 1e-09}",4.049872388259716
Otros_Algoritmos_NB_Gaussian_Smooth,Naive Bayes Gaussian Low Smooth,Otros_Algoritmos,GaussianNB,0.086639404296875,False,0.6048435171385991,0.5884020905148449,0.7676628463658784,0.6661840614377439,0.6550221695144349,0.654094244885189,0.015757418268820846,0,0,0,0,0,"{""priors"": null, ""var_smoothing"": 1e-08}",7.601421606895819
Otros_Algoritmos_NB_Bernoulli,Naive Bayes Bernoulli,Otros_Algoritmos,BernoulliNB,0.10340523719787598,False,0.6058867362146051,0.6161645422943222,0.6171478311330335,0.6166557947379865,0.64735074669246,0.6124308024241671,0.00283221035612169,0,0,0,0,0,"{""alpha"": 1.0, ""binarize"": 0.0, ""class_prior"": null, ""fit_prior"": true, ""force_alpha"": true}",5.90636840917528
Otros_Algoritmos_NB_Multinomial,Naive Bayes Multinomial,Otros_Algoritmos,MultinomialNB,0.022187471389770508,True,0.6103949329359165,0.608641733568305,0.6764108515885681,0.6407393410519806,0.6580271826048327,0.0,0.0,0,0,0,0,0,"{""alpha"": 1.0, ""class_prior"": null, ""fit_prior"": true, ""force_alpha"": true}",27.632997590873668
Otros_Algoritmos_NB_Complement,Naive Bayes Complement,Otros_Algoritmos,ComplementNB,0.02121877670288086,True,0.6140461997019374,0.630831488127052,0.5993036413753083,0.6146635420154001,0.6580271826048327,0.0,0.0,0,0,0,0,0,"{""alpha"": 1.0, ""class_prior"": null, ""fit_prior"": true, ""force_alpha"": true, ""norm"": false}",27.66414867186201
Otros_Algoritmos_DT_Basic,Decision Tree Basic (depth=10),Otros_Algoritmos,DecisionTreeClassifier,1.9142847061157227,False,0.6339418777943369,0.6484743983806882,0.6274481357899319,0.6377880184331797,0.6850671632354581,0.6368237081330286,0.003307592257909752,0,0,0,0,0,"{""ccp_alpha"": 0.0, ""class_weight"": null, ""criterion"": ""gini"", ""max_depth"": 10, ""max_features"": null, ""max_leaf_nodes"": null, ""min_impurity_decrease"": 0.0, ""min_samples_leaf"": 10, ""min_samples_split"": 20, ""min_weight_fraction_leaf"": 0.0, ""monotonic_cst"": null, ""random_state"": 42, ""splitter"": ""best""}",0.33299906609009605
Otros_Algoritmos_DT_Deep,Decision Tree Deep (depth=20),Otros_Algoritmos,DecisionTreeClassifier,3.0821533203125,False,0.6087928464977646,0.6212546125461255,0.6106194690265486,0.615891132572432,0.6446545313643329,0.6118387898620467,0.002877232844605932,0,0,0,0,0,"{""ccp_alpha"": 0.0, ""class_weight"": null, ""criterion"": ""gini"", ""max_depth"": 20, ""max_features"": null, ""max_leaf_nodes"": null, ""min_impurity_decrease"": 0.0, ""min_samples_leaf"": 5, ""min_samples_split"": 10, ""min_weight_fraction_leaf"": 0.0, ""monotonic_cst"": null, ""random_state"": 42, ""splitter"": ""best""}",0.19976013794539643
Otros_Algoritmos_DT_Entropy,Decision Tree Entropy (depth=12),Otros_Algoritmos,DecisionTreeClassifier,2.337332248687744,False,0.6378166915052161,0.6614761261619131,0.6039460322065864,0.6314033291624009,0.685992909164981,0.6311261413995891,0.003542959394826697,0,0,0,0,0,"{""ccp_alpha"": 0.0, ""class_weight"": null, ""criterion"": ""entropy"", ""max_depth"": 12, ""max_features"": null, ""max_leaf_nodes"": null, ""min_impurity_decrease"": 0.0, ""min_samples_leaf"": 1, ""min_samples_split"": 15, ""min_weight_fraction_leaf"": 0.0, ""monotonic_cst"": null, ""random_state"": 42, ""splitter"": ""best""}",0.2700229317355308
Otros_Algoritmos_DT_Balanced,Decision Tree Balanced (depth=15),Otros_Algoritmos,DecisionTreeClassifier,2.7702224254608154,False,0.6256333830104321,0.6404418394950406,0.6182358914841143,0.6291429836864251,0.676073561770477,0.6278508984267686,0.005505354205593643,0,0,0,0,0,"{""ccp_alpha"": 0.0, ""class_weight"": ""balanced"", ""criterion"": ""gini"", ""max_depth"": 15, ""max_features"": null, ""max_leaf_nodes"": null, ""min_impurity_decrease"": 0.0, ""min_samples_leaf"": 15, ""min_samples_split"": 25, ""min_weight_fraction_leaf"": 0.0, ""monotonic_cst"": null, ""random_state"": 42, ""splitter"": ""best""}",0.22702724180712686
Otros_Algoritmos_ExtraTree,Extra Tree Single (depth=12),Otros_Algoritmos,ExtraTreeClassifier,0.08313131332397461,False,0.6093889716840537,0.6093377483443708,0.6674162193529668,0.637056013293637,0.6485350076708227,0.5887126455042394,0.013958786980514427,0,0,0,0,0,"{""ccp_alpha"": 0.0, ""class_weight"": null, ""criterion"": ""gini"", ""max_depth"": 12, ""max_features"": ""sqrt"", ""max_leaf_nodes"": null, ""min_impurity_decrease"": 0.0, ""min_samples_leaf"": 1, ""min_samples_split"": 20, ""min_weight_fraction_leaf"": 0.0, ""monotonic_cst"": null, ""random_state"": 42, ""splitter"": ""random""}",7.572162945328674
Otros_Algoritmos_LDA,Linear Discriminant Analysis,Otros_Algoritmos,LinearDiscriminantAnalysis,1.1716065406799316,True,0.6399031296572281,0.6444039526245707,0.6669809952125344,0.6554981286758154,0.6916374507561145,0.6501880231678653,0.003209079625442456,0,0,0,0,0,"{""covariance_estimator"": null, ""n_components"": null, ""priors"": null, ""shrinkage"": null, ""solver"": ""svd"", ""store_covariance"": false, ""tol"": 0.0001}",0.5590094425839781
Otros_Algoritmos_LDA_Shrink,LDA with Shrinkage,Otros_Algoritmos,LinearDiscriminantAnalysis,0.2972087860107422,True,0.6397913561847988,0.6438050006984216,0.668649354417525,0.6559920296043268,0.6909330871278898,0.6504659649396134,0.0033366365134357206,0,0,0,0,0,"{""covariance_estimator"": null, ""n_components"": null, ""priors"": null, ""shrinkage"": ""auto"", ""solver"": ""lsqr"", ""store_covariance"": false, ""tol"": 0.0001}",2.199774320467863
Otros_Algoritmos_QDA,Quadratic Discriminant Analysis,Otros_Algoritmos,QuadraticDiscriminantAnalysis,0.5324335098266602,True,0.627123695976155,0.6166049382716049,0.7245756564630785,0.6662442473154139,0.6739399471591973,0.6529446911386676,0.011157670282942055,0,0,0,0,0,"{""priors"": null, ""reg_param"": 0.0, ""store_covariance"": false, ""tol"": 0.0001}",1.2489733678934245
Otros_Algoritmos_GP,Gaussian Process RBF,Otros_Algoritmos,GaussianProcessClassifier,23.252318859100342,True,0.6269001490312965,0.6396209653538644,0.6267227622225446,0.6331061771817982,0.6762365763381164,0.0,0.0,0,0,0,0,0,"{""copy_X_train"": true, ""kernel__length_scale"": 1.0, ""kernel__length_scale_bounds"": [1e-05, 100000.0], ""kernel"": ""RBF(length_scale=1)"", ""max_iter_predict"": 100, ""multi_class"": ""one_vs_rest"", ""n_jobs"": null, ""n_restarts_optimizer"": 2, ""optimizer"": ""fmin_l_bfgs_b"", ""random_state"": 42, ""warm_start"": false}",0.027226486722949132
